mnemonic,unit_name,inserted_at,updated_at
wc,In Millions,5/4/18,5/4/18
txdbca,In Millions,5/4/18,5/4/18
ebitax,In Millions,5/4/18,5/4/18
ppc,In Millions,5/4/18,5/4/18
pprbc,In Millions,5/4/18,5/4/18
pi_onope,In Millions,5/4/18,5/4/18
tshield,In Millions,5/4/18,5/4/18
ebita_adj,In Millions,5/4/18,5/4/18
prsc,In Millions,5/4/18,5/4/18
ppic,In Millions,5/4/18,5/4/18
ao_m,In Millions,5/4/18,5/4/18
pric,In Millions,5/4/18,5/4/18
ppsc,In Millions,5/4/18,5/4/18
rect,In Millions,5/4/18,5/4/18
popsrc,Not Applicable,5/4/18,5/4/18
pralt,In Millions,5/4/18,5/4/18
ebita_taxr,In Percent,5/4/18,5/4/18
nonopa,In Millions,5/4/18,5/4/18
mtaxr_a,In Percent,5/4/18,5/4/18
opcash,In Millions,5/4/18,5/4/18
invt,In Millions,5/4/18,5/4/18
txdba,In Millions,5/4/18,5/4/18
lo_m,In Millions,5/4/18,5/4/18
txp,In Millions,5/4/18,5/4/18
am,In Millions,5/4/18,5/4/18
pri_onopre,In Millions,5/4/18,5/4/18
prlc,In Millions,5/4/18,5/4/18
txt,In Millions,5/4/18,5/4/18
roic,In Percent,5/4/18,5/4/18
ic,In Millions,5/4/18,5/4/18
tcr,In Percent,5/4/18,5/4/18
gdwl,In Millions,5/4/18,5/4/18
nopi_m,In Millions,5/4/18,5/4/18
ppent,In Millions,5/4/18,5/4/18
cturn,Ratio,5/4/18,5/4/18
che,In Millions,5/4/18,5/4/18
ebit,In Millions,5/4/18,5/4/18
ic_gw_sa2,In Millions,5/4/18,5/4/18
ni_calc,In Millions,5/4/18,5/4/18
ni_calc_bnk,In Millions,5/4/18,5/4/18
roic_gw,In Percent,5/4/18,5/4/18
cogs_marg,In Percent,5/4/18,5/4/18
wc_sa2,In Millions,5/4/18,5/4/18
ppe_sale,In Percent,5/4/18,5/4/18
nonopa_sa2,In Millions,5/4/18,5/4/18
dp,In Millions,5/4/18,5/4/18
ceq,In Millions,5/4/18,5/4/18
xido,In Millions,5/4/18,5/4/18
ceq_adj,In Millions,5/4/18,5/4/18
net_debt,In Millions,5/4/18,5/4/18
td,In Millions,5/4/18,5/4/18
ppent_sa2,In Millions,5/4/18,5/4/18
iprd,In Millions,5/4/18,5/4/18
dp_net_marg,In Percent,5/4/18,5/4/18
ceqt_adj_active,In Millions,5/4/18,5/4/18
mii,In Millions,5/4/18,5/4/18
ems,In Millions,5/4/18,5/4/18
gdwlip,In Millions,5/4/18,5/4/18
dp_net_m,In Millions,5/4/18,5/4/18
spi_m,In Millions,5/4/18,5/4/18
ib_calc,In Millions,5/4/18,5/4/18
ebita_adj_marg,In Percent,5/4/18,5/4/18
nonopa_sale,In Percent,5/4/18,5/4/18
lco,In Millions,5/4/18,5/4/18
ebita_taxr_norm,In Percent,5/4/18,5/4/18
act,In Millions,5/4/18,5/4/18
noplat,In Millions,5/4/18,5/4/18
ni_adj,In Millions,5/4/18,5/4/18
saleg1q,In Percent,5/4/18,5/4/18
saleg4q,In Percent,5/4/18,5/4/18
bus_seg_rev,In Millions,5/4/18,5/4/18
bus_seg_oper_inc,In Millions,5/4/18,5/4/18
bus_seg_assets,In Millions,5/4/18,5/4/18
bus_seg_operinc_marg,In Percent,5/4/18,5/4/18
geo_seg_rev,In Millions,5/4/18,5/4/18
geo_seg_oper_inc,In Millions,5/4/18,5/4/18
geo_seg_operinc_marg,In Percent,5/4/18,5/4/18
ebitax_norm,In Millions,5/4/18,5/4/18
noplat_marg,In Percent,5/4/18,5/4/18
ap,In Millions,5/4/18,5/4/18
pbllt,In Millions,5/4/18,5/4/18
sale_fy1,In Millions,5/4/18,5/4/18
txditc,In Millions,5/4/18,5/4/18
pstk,In Millions,5/4/18,5/4/18
plast,In Millions,5/4/18,5/4/18
iva_fin_m,In Millions,5/4/18,5/4/18
onopl_m,In Millions,5/4/18,5/4/18
txdbcl,In Millions,5/4/18,5/4/18
prjbo,In Millions,5/4/18,5/4/18
ep,In Millions,5/4/18,5/4/18
sale_fy2,In Millions,5/4/18,5/4/18
sale_fy0,In Millions,5/4/18,5/4/18
tr_oper,In Percent,5/4/18,5/4/18
emp,Not Applicable,5/4/18,5/4/18
ltl,In Millions,5/4/18,5/4/18
share_price,In Single Unit,5/4/18,5/4/18
prccm_a_adj_fye,In Single Unit,5/4/18,5/4/18
ebita_fy2,In Millions,5/4/18,5/4/18
ebita_marg_fy1,In Percent,5/4/18,5/4/18
ebita_fy0_old,In Millions,5/4/18,5/4/18
ebita_fy1_old,In Millions,5/4/18,5/4/18
ebita_fy2_old,In Millions,5/4/18,5/4/18
ebita_fwd_12m,In Millions,5/4/18,5/4/18
ebitda_fy0,In Millions,5/4/18,5/4/18
ebitda_fy1,In Millions,5/4/18,5/4/18
prev_ebita_marg_fy0,In Percent,5/4/18,5/4/18
noplat_fwd_12m,In Millions,5/4/18,5/4/18
asset_writedown,In Millions,5/4/18,5/4/18
ebita_fy1,In Millions,5/4/18,5/4/18
ebitda_fy2,In Millions,5/4/18,5/4/18
d_o,In Millions,5/4/18,5/4/18
ebitda_fy3,In Millions,5/4/18,5/4/18
acominc,In Millions,5/4/18,5/4/18
dvt,In Millions,5/4/18,5/4/18
at,In Millions,5/4/18,5/4/18
caps,In Millions,5/4/18,5/4/18
capx,In Millions,5/4/18,5/4/18
aco,In Millions,5/4/18,5/4/18
capx_fy2,In Millions,5/4/18,5/4/18
capx_fy3,In Millions,5/4/18,5/4/18
capx_fy4,In Millions,5/4/18,5/4/18
capx_fy5,In Millions,5/4/18,5/4/18
ebitda_fy5,In Millions,5/4/18,5/4/18
capx_fy1,In Millions,5/4/18,5/4/18
lct,In Millions,5/4/18,5/4/18
nev_noplat_fy1,Ratio,5/4/18,5/4/18
oancf,In Millions,5/4/18,5/4/18
xrd,In Millions,5/4/18,5/4/18
tstk,In Millions,5/4/18,5/4/18
oil_impair,In Millions,5/4/18,5/4/18
xopro,In Millions,5/4/18,5/4/18
xi,In Millions,5/4/18,5/4/18
stkco,In Millions,5/4/18,5/4/18
ni_fy2,In Millions,5/4/18,5/4/18
ni_fy3,In Millions,5/4/18,5/4/18
lt_invest,In Millions,5/4/18,5/4/18
loans_receiv_lt,In Millions,5/4/18,5/4/18
splticr,Not Applicable,5/4/18,5/4/18
prrpe,In Millions,5/4/18,5/4/18
ppopcc,In Millions,5/4/18,5/4/18
prba,In Millions,5/4/18,5/4/18
fincf,In Millions,5/4/18,5/4/18
share_repo,In Millions,5/4/18,5/4/18
pptbs,In Millions,5/4/18,5/4/18
pprpa,In Millions,5/4/18,5/4/18
lse,In Millions,5/4/18,5/4/18
proaj,In Millions,5/4/18,5/4/18
spsticr,Not Applicable,5/4/18,5/4/18
sale_fy4,In Millions,5/4/18,5/4/18
sale_fy5,In Millions,5/4/18,5/4/18
rd,In Millions,5/4/18,5/4/18
capx_dp,In Percent,5/4/18,5/4/18
cf_investmt,In Millions,5/4/18,5/4/18
cf_oper,In Millions,5/4/18,5/4/18
dev,In Percent,5/4/18,5/4/18
divyield,In Percent,5/4/18,5/4/18
epspx_adj,In Single Unit,5/4/18,5/4/18
ebitda_marg,In Percent,5/4/18,5/4/18
fcf,In Millions,5/4/18,5/4/18
rectr_calc,In Millions,5/4/18,5/4/18
mva1,In Millions,5/4/18,5/4/18
mva2,In Millions,5/4/18,5/4/18
roe,In Percent,5/4/18,5/4/18
ps,Ratio,5/4/18,5/4/18
dp_marg,In Percent,5/4/18,5/4/18
wc_ic,In Percent,5/4/18,5/4/18
wc_ic_gw,In Percent,5/4/18,5/4/18
ppent_ic_gw,In Percent,5/4/18,5/4/18
intan_ic_gw,In Percent,5/4/18,5/4/18
xrd_marg,In Percent,5/4/18,5/4/18
gdwl_marg,In Percent,5/4/18,5/4/18
td_prl,In Millions,5/4/18,5/4/18
capx_ppe,Ratio,5/4/18,5/4/18
tr,In Percent,5/4/18,5/4/18
lat,In Millions,5/4/18,5/4/18
ltl_pstk,In Millions,5/4/18,5/4/18
nev_ebit,Ratio,5/4/18,5/4/18
nev_ebitda,Ratio,5/4/18,5/4/18
nev_ic_gw,Ratio,5/4/18,5/4/18
d_lease,Ratio,5/4/18,5/4/18
cash_mcap,In Percent,5/4/18,5/4/18
intan_net_m,In Millions,5/4/18,5/4/18
life_l,Ratio,5/4/18,5/4/18
ib,In Millions,5/4/18,5/4/18
gp,In Millions,5/4/18,5/4/18
xsga_m,In Millions,5/4/18,5/4/18
cf_oper_marg,In Percent,5/4/18,5/4/18
fcf_marg,In Percent,5/4/18,5/4/18
intano,In Millions,5/4/18,5/4/18
roa,In Percent,5/4/18,5/4/18
capx_sale,In Percent,5/4/18,5/4/18
invt_doh,Ratio,5/4/18,5/4/18
dynamic_liquidity,In Percent,5/4/18,5/4/18
maturity_squeeze,In Percent,5/4/18,5/4/18
dpo,Ratio,5/4/18,5/4/18
dro,Ratio,5/4/18,5/4/18
td_ebitda,In Percent,5/4/18,5/4/18
ccc,Ratio,5/4/18,5/4/18
capital_employed,In Millions,5/4/18,5/4/18
xad,In Millions,5/4/18,5/4/18
rote,In Percent,5/4/18,5/4/18
ev_noplat,Ratio,5/4/18,5/4/18
ceq_no_intan,In Millions,5/4/18,5/4/18
mb_no_intan,Ratio,5/4/18,5/4/18
roe_no_intan,In Percent,5/4/18,5/4/18
div_payout_ratio,In Percent,5/4/18,5/4/18
net_iint,In Millions,5/4/18,5/4/18
op_revt_bank,In Millions,5/4/18,5/4/18
nev_sale_cy,Ratio,5/4/18,5/4/18
revt_at_bnk,In Percent,5/4/18,5/4/18
current_ratio,Ratio,5/4/18,5/4/18
ebita_adj_l_marg,In Percent,5/4/18,5/4/18
cumtrs10y,In Percent,5/4/18,5/4/18
trs20y,In Percent,5/4/18,5/4/18
cumtrs5y,In Percent,5/4/18,5/4/18
cumtrs7y,In Percent,5/4/18,5/4/18
intan_incre,In Millions,5/4/18,5/4/18
cumtrs20y,In Percent,5/4/18,5/4/18
ceq_incre,In Millions,5/4/18,5/4/18
che_incre,In Millions,5/4/18,5/4/18
iva_incre,In Millions,5/4/18,5/4/18
td_incre,In Millions,5/4/18,5/4/18
pbpro,In Millions,5/4/18,5/4/18
ebita_usd,In Millions,5/4/18,5/4/18
ic_gw_usd_sa2,In Millions,5/4/18,5/4/18
ic_usd_sa2,In Millions,5/4/18,5/4/18
prccm_a_adj_primiss,In Single Unit,5/4/18,5/4/18
trs7y,In Percent,5/4/18,5/4/18
trs15y,In Percent,5/4/18,5/4/18
saleg5y,In Percent,5/4/18,5/4/18
saleg15y,In Percent,5/4/18,5/4/18
ebita_marg_sa3,In Percent,5/4/18,5/4/18
ebita_marg_sa10,In Percent,5/4/18,5/4/18
roic_sa5,In Percent,5/4/18,5/4/18
capx_incre,In Millions,5/4/18,5/4/18
ebitg1y,In Percent,5/4/18,5/4/18
ebitg3y,In Percent,5/4/18,5/4/18
ebitag15y,In Percent,5/4/18,5/4/18
ebitg5y,In Percent,5/4/18,5/4/18
epsg3y,In Percent,5/4/18,5/4/18
epsg5y,In Percent,5/4/18,5/4/18
noplatg1y,In Percent,5/4/18,5/4/18
xpr,In Millions,5/4/18,5/4/18
xintopt,In Millions,5/4/18,5/4/18
aqc,In Millions,5/4/18,5/4/18
nig1y,In Percent,5/4/18,5/4/18
seqo,In Millions,5/4/18,5/4/18
oopi_m,In Millions,5/4/18,5/4/18
am_intan_oop_m,In Millions,5/4/18,5/4/18
ebt_fin_m,In Millions,5/4/18,5/4/18
roae,In Percent,5/4/18,5/4/18
invt_turn,Ratio,5/4/18,5/4/18
ap_turn,Ratio,5/4/18,5/4/18
rect_turn,Ratio,5/4/18,5/4/18
ppegt,In Millions,5/4/18,5/4/18
restricted_cash,In Millions,5/4/18,5/4/18
ebit_fy1,In Millions,5/4/18,5/4/18
ebit_fy3,In Millions,5/4/18,5/4/18
ebit_fy0,In Millions,5/4/18,5/4/18
ebit_fy5,In Millions,5/4/18,5/4/18
mb_sa7,Ratio,5/4/18,5/4/18
mb_sa3,Ratio,5/4/18,5/4/18
prov_nop_m,In Millions,5/4/18,5/4/18
prov_eq_icsm_m,In Millions,5/4/18,5/4/18
nci_sec_m,In Millions,5/4/18,5/4/18
nci_fx_m,In Millions,5/4/18,5/4/18
pens_e_m,In Millions,5/4/18,5/4/18
sale_g_m,In Millions,5/4/18,5/4/18
txt_exe_m,In Millions,5/4/18,5/4/18
intan_op_m,In Millions,5/4/18,5/4/18
rf_us10yr,In Percent,5/4/18,5/4/18
rnev,In Millions,5/4/18,5/4/18
rcp,In Millions,5/4/18,5/4/18
roate,In Percent,5/4/18,5/4/18
rmcap,In Millions,5/4/18,5/4/18
rmva2,In Millions,5/4/18,5/4/18
rsaleg5y,In Percent,5/4/18,5/4/18
rebitdag3y,In Percent,5/4/18,5/4/18
repspx,In Single Unit,5/4/18,5/4/18
repsg1y,In Percent,5/4/18,5/4/18
r_premium,In Percent,5/4/18,5/4/18
prov_op_lt_m,In Millions,5/4/18,5/4/18
roaa_no_gdwl_bnk,In Percent,5/4/18,5/4/18
roate_bnk,In Percent,5/4/18,5/4/18
asset_leverage,Ratio,5/4/18,5/4/18
xopr_bank,In Millions,5/4/18,5/4/18
rsale,In Millions,5/4/18,5/4/18
roa_no_gdwl,In Percent,5/4/18,5/4/18
at_rwa,Ratio,5/4/18,5/4/18
ni_marg_bnk,In Percent,5/4/18,5/4/18
beta_ind_u,Not Applicable,5/4/18,5/4/18
beta_ind_debt,Not Applicable,5/4/18,5/4/18
ndc_ind,In Percent,5/4/18,5/4/18
ceq_adj_sa2,In Millions,5/4/18,5/4/18
ep_bnk,In Millions,5/4/18,5/4/18
ceqt_adj_sa2,In Millions,5/4/18,5/4/18
coe,In Percent,5/4/18,5/4/18
mb_adj,Ratio,5/4/18,5/4/18
eqc_ind,In Percent,5/4/18,5/4/18
mb_adj_fy,Ratio,5/4/18,5/4/18
revt_ins_g1q,In Percent,5/4/18,5/4/18
revt_ins_g4q,In Percent,5/4/18,5/4/18
revt_bank_g1q,In Percent,5/4/18,5/4/18
revt_bank_g4q,In Percent,5/4/18,5/4/18
opcash_l4q,In Millions,5/4/18,5/4/18
nev_daily,In Millions,5/4/18,5/4/18
nev_d_annual_component,In Millions,5/4/18,5/4/18
roa_bnk,In Percent,5/4/18,5/4/18
r_yield,In Percent,5/4/18,5/4/18
ebitda_fwd_12m_daily,In Millions,5/4/18,5/4/18
ni_fwd_12m_daily,In Millions,5/4/18,5/4/18
ebita_fwd_12m_daily,In Millions,5/4/18,5/4/18
div_adj,In Single Unit,5/4/18,5/4/18
prev_sale_fy0,In Millions,5/4/18,5/4/18
nev_cy_component,In Millions,5/4/18,5/4/18
ni_fy0,In Millions,5/4/18,5/4/18
nev_d_quarterly_component,In Millions,5/4/18,5/4/18
imputed_growth_bnk,In Percent,5/4/18,5/4/18
imputed_growth,In Percent,5/4/18,5/4/18
imputed_growth_gw,In Percent,5/4/18,5/4/18
pe_fy,Ratio,5/4/18,5/4/18
roic_sa15,In Percent,5/4/18,5/4/18
ebitda,In Millions,5/4/18,5/4/18
roic_pretax,In Percent,5/4/18,5/4/18
nonopa_ic,Ratio,5/4/18,5/4/18
inc_real_estate_rev,In Millions,5/4/18,5/4/18
pi,In Millions,5/4/18,5/4/18
sale_usd,In Millions,5/4/18,5/4/18
ceq_calc,In Millions,5/4/18,5/4/18
onopa_m,In Millions,5/4/18,5/4/18
prov_nop_c_m,In Millions,5/4/18,5/4/18
ib_am_gwipg1y,In Percent,5/4/18,5/4/18
dvp,In Millions,5/4/18,5/4/18
rwa,In Millions,5/4/18,5/4/18
epspi_adj,In Single Unit,5/4/18,5/4/18
noplat_fwd_12m_daily,In Millions,5/4/18,5/4/18
imputed_growth_ind,In Percent,5/4/18,5/4/18
imputed_growth_ind_gw,In Percent,5/4/18,5/4/18
cshoq_a_adj,In Millions,5/4/18,5/4/18
cshoq_a_adj_fye,In Millions,5/4/18,5/4/18
bvps,Ratio,5/4/18,5/4/18
payyield,In Percent,5/4/18,5/4/18
yield_spread,In Percent,5/4/18,5/4/18
r_debt,In Percent,5/4/18,5/4/18
capr1,In Percent,5/4/18,5/4/18
capr2,In Percent,5/4/18,5/4/18
sale,In Millions,5/4/18,5/4/18
ric,In Millions,5/4/18,5/4/18
ev,In Millions,5/4/18,5/4/18
rev,In Millions,5/4/18,5/4/18
re,In Millions,5/4/18,5/4/18
xopr_ins,In Millions,5/4/18,5/4/18
trs3y,In Percent,5/4/18,5/4/18
trs5y,In Percent,5/4/18,5/4/18
trs10y,In Percent,5/4/18,5/4/18
mb_sa5,Ratio,5/4/18,5/4/18
saleg1y,In Percent,5/4/18,5/4/18
saleg3y,In Percent,5/4/18,5/4/18
saleg7y,In Percent,5/4/18,5/4/18
saleg10y,In Percent,5/4/18,5/4/18
ebita_marg_sa5,In Percent,5/4/18,5/4/18
ebita_marg_sa7,In Percent,5/4/18,5/4/18
ebita_marg_sa15,In Percent,5/4/18,5/4/18
roic_sa3,In Percent,5/4/18,5/4/18
roic_sa7,In Percent,5/4/18,5/4/18
rebitda,In Millions,5/4/18,5/4/18
mb,Ratio,5/4/18,5/4/18
roic_sa10,In Percent,5/4/18,5/4/18
cturn_gw,Ratio,5/4/18,5/4/18
cumtrs15y,In Percent,5/4/18,5/4/18
cumtrs3y,In Percent,5/4/18,5/4/18
de,In Percent,5/4/18,5/4/18
def_tax_incre,In Millions,5/4/18,5/4/18
ebita,In Millions,5/4/18,5/4/18
ebitag10y,In Percent,5/4/18,5/4/18
ebitag1y,In Percent,5/4/18,5/4/18
ebitag3y,In Percent,5/4/18,5/4/18
ebitag5y,In Percent,5/4/18,5/4/18
ebita_cov,Ratio,5/4/18,5/4/18
ebitda_cov,Ratio,5/4/18,5/4/18
ebt,In Millions,5/4/18,5/4/18
epsg10y,In Percent,5/4/18,5/4/18
epsg1y,In Percent,5/4/18,5/4/18
xint_m,In Millions,5/4/18,5/4/18
icg3y,In Percent,5/4/18,5/4/18
ic_gw,In Millions,5/4/18,5/4/18
nev,In Millions,5/4/18,5/4/18
opca,In Millions,5/4/18,5/4/18
opcl,In Millions,5/4/18,5/4/18
ppent_incre,In Millions,5/4/18,5/4/18
payout_ratio,In Percent,5/4/18,5/4/18
roic_gw_pretax,In Percent,5/4/18,5/4/18
rsaleg1y,In Percent,5/4/18,5/4/18
rsaleg3y,In Percent,5/4/18,5/4/18
seq_book,In Millions,5/4/18,5/4/18
seq_mkt,In Millions,5/4/18,5/4/18
wc_sale,In Percent,5/4/18,5/4/18
xsga_marg,In Percent,5/4/18,5/4/18
ppent_ic,In Percent,5/4/18,5/4/18
nonopa_ic_gw,Ratio,5/4/18,5/4/18
roic_pretax_sa10,In Percent,5/4/18,5/4/18
rebit,In Millions,5/4/18,5/4/18
cstk,In Millions,5/4/18,5/4/18
wc_incre,In Millions,5/4/18,5/4/18
rebitdag1y,In Percent,5/4/18,5/4/18
rebitdag5y,In Percent,5/4/18,5/4/18
rnoplat,In Millions,5/4/18,5/4/18
repsg5y,In Percent,5/4/18,5/4/18
ricg5y,In Percent,5/4/18,5/4/18
nopi,In Millions,5/4/18,5/4/18
xsga,In Millions,5/4/18,5/4/18
cogs,In Millions,5/4/18,5/4/18
ao,In Millions,5/4/18,5/4/18
intan,In Millions,5/4/18,5/4/18
dltt,In Millions,5/4/18,5/4/18
lo,In Millions,5/4/18,5/4/18
mib,In Millions,5/4/18,5/4/18
ni,In Millions,5/4/18,5/4/18
spi,In Millions,5/4/18,5/4/18
at_no_gdwl,In Millions,5/4/18,5/4/18
iint,In Millions,5/4/18,5/4/18
dvc,In Millions,5/4/18,5/4/18
mrc1,In Millions,5/4/18,5/4/18
ni_cs,In Millions,5/4/18,5/4/18
sstk,In Millions,5/4/18,5/4/18
ivncf,In Millions,5/4/18,5/4/18
nev_ebita,Ratio,5/4/18,5/4/18
nev_ic,Ratio,5/4/18,5/4/18
nev_sale,Ratio,5/4/18,5/4/18
ic_l,In Millions,5/4/18,5/4/18
ebitdag1y,In Percent,5/4/18,5/4/18
dlc,In Millions,5/4/18,5/4/18
lt,In Millions,5/4/18,5/4/18
ic_usd,In Millions,5/4/18,5/4/18
ev_usd,In Millions,5/4/18,5/4/18
mcap_usd,In Millions,5/4/18,5/4/18
iva_m,In Millions,5/4/18,5/4/18
ppt_m,In Millions,5/4/18,5/4/18
rca,In Millions,5/4/18,5/4/18
am_intan_op_m,In Millions,5/4/18,5/4/18
pldip_at_m,In Millions,5/4/18,5/4/18
txt_fin_m,In Millions,5/4/18,5/4/18
ocnoa_m,In Millions,5/4/18,5/4/18
opeb_e_m,In Millions,5/4/18,5/4/18
prov_op_c_m,In Millions,5/4/18,5/4/18
div_invt_m,In Millions,5/4/18,5/4/18
xopr,In Millions,5/4/18,5/4/18
wacc,In Percent,5/4/18,5/4/18
nit_m,In Millions,5/4/18,5/4/18
revt,In Millions,5/4/18,5/4/18
roaa,In Percent,5/4/18,5/4/18
aco_m,In Millions,5/4/18,5/4/18
pbalt,In Millions,5/4/18,5/4/18
prllt,In Millions,5/4/18,5/4/18
pblc,In Millions,5/4/18,5/4/18
lco_m,In Millions,5/4/18,5/4/18
ib_am_gwip,In Millions,5/4/18,5/4/18
ocnol_m,In Millions,5/4/18,5/4/18
de_book,In Percent,5/4/18,5/4/18
rf_cntry,In Percent,5/4/18,5/4/18
praa,In Millions,5/4/18,5/4/18
prbo,In Millions,5/4/18,5/4/18
ceqt_adj,In Millions,5/4/18,5/4/18
pe_fwd_12m,Ratio,5/4/18,5/4/18
nde_book,In Percent,5/4/18,5/4/18
nd_ebitda,In Percent,5/4/18,5/4/18
nd_ebita,In Percent,5/4/18,5/4/18
nde_mkt,In Percent,5/4/18,5/4/18
nev_noplat,Ratio,5/4/18,5/4/18
pll,In Millions,5/4/18,5/4/18
net_init,In Millions,5/4/18,5/4/18
ebita_marg_fy2,In Percent,5/4/18,5/4/18
net_debt_cy,In Millions,5/4/18,5/4/18
ic_sa2,In Millions,5/4/18,5/4/18
mcap_fye_usd,In Millions,5/4/18,5/4/18
upd,Not Applicable,5/4/18,5/4/18
sale_fy3,In Millions,5/4/18,5/4/18
ni_fy1,In Millions,5/4/18,5/4/18
ni_fy5,In Millions,5/4/18,5/4/18
capx_fy0,In Millions,5/4/18,5/4/18
nev_cy,In Millions,5/4/18,5/4/18
roa_no_gdwl_bnk,In Percent,5/4/18,5/4/18
roaa_no_gdwl,In Percent,5/4/18,5/4/18
roe_bnk,In Percent,5/4/18,5/4/18
rote_bnk,In Percent,5/4/18,5/4/18
roae_bnk,In Percent,5/4/18,5/4/18
ebitda_fwd_12m,In Millions,5/4/18,5/4/18
ebita_marg_fy0,In Percent,5/4/18,5/4/18
ebita_fy0,In Millions,5/4/18,5/4/18
noplat_usd,In Millions,5/4/18,5/4/18
quick_ratio,Ratio,5/4/18,5/4/18
tr_fy1,In Percent,5/4/18,5/4/18
ebit_fy2,In Millions,5/4/18,5/4/18
div_adj_primiss,In Single Unit,5/4/18,5/4/18
beta_ind_l,Not Applicable,5/4/18,5/4/18
inflation_diff_usd,In Percent,5/4/18,5/4/18
rf_equity,In Percent,5/4/18,5/4/18
ebit_fy4,In Millions,5/4/18,5/4/18
dvp_other,In Millions,5/4/18,5/4/18
pe_fy_mcap_ni,Ratio,5/4/18,5/4/18
tcr_bnk,In Percent,5/4/18,5/4/18
gain_loans_rev,In Millions,5/4/18,5/4/18
nev_ebitda_fy1,Ratio,5/4/18,5/4/18
market_cap,In Millions,5/4/18,5/4/18
sp500_indx_return,In Percent,5/4/18,5/4/18
msci_wrld_indx_ret,In Percent,5/4/18,5/4/18
sal_fwd_12m,In Millions,5/4/18,5/4/18
noplat_marg_fwd_12m,In Percent,5/4/18,5/4/18
ric_usd,In Millions,5/4/18,5/4/18
nev_usd,In Millions,5/4/18,5/4/18
rmcap_usd,In Millions,5/4/18,5/4/18
rnev_usd,In Millions,5/4/18,5/4/18
rsale_usd,In Millions,5/4/18,5/4/18
ni_usd,In Millions,5/4/18,5/4/18
ni_cs_usd,In Millions,5/4/18,5/4/18
serv_charge_deposits,In Millions,5/4/18,5/4/18
trust_income,In Millions,5/4/18,5/4/18
total_mort_bnk_act,In Millions,5/4/18,5/4/18
inc_trade_act,In Millions,5/4/18,5/4/18
gain_invest_rev_bnk,In Millions,5/4/18,5/4/18
gain_loans_rec,In Millions,5/4/18,5/4/18
inc_real_estate_rec,In Millions,5/4/18,5/4/18
salary,In Millions,5/4/18,5/4/18
xper_bnk,In Millions,5/4/18,5/4/18
occupy_exp,In Millions,5/4/18,5/4/18
xsga_bnk_total,In Millions,5/4/18,5/4/18
sga_bank,In Millions,5/4/18,5/4/18
fed_dep_ins,In Millions,5/4/18,5/4/18
other_non_int_exp,In Millions,5/4/18,5/4/18
xopro_bnk,In Millions,5/4/18,5/4/18
op_exc_equity_inc_bnk,In Millions,5/4/18,5/4/18
inc_equity_rev_bnk,In Millions,5/4/18,5/4/18
inc_equity_rec_bnk,In Millions,5/4/18,5/4/18
inc_equity_bnk,In Millions,5/4/18,5/4/18
op_equity_bnk,In Millions,5/4/18,5/4/18
gw_intan_amort_bnk,In Millions,5/4/18,5/4/18
op_exc_equity_inc_am_bnk,In Millions,5/4/18,5/4/18
op_equity_inc_am_bnk,In Millions,5/4/18,5/4/18
gain_assets_rev_bnk,In Millions,5/4/18,5/4/18
non_oper_inc,In Millions,5/4/18,5/4/18
non_oper_exp,In Millions,5/4/18,5/4/18
nopi_m_bnk,In Millions,5/4/18,5/4/18
restructure_bnk,In Millions,5/4/18,5/4/18
merger_bnk,In Millions,5/4/18,5/4/18
rcp_bnk,In Millions,5/4/18,5/4/18
gain_assets_bnk,In Millions,5/4/18,5/4/18
gain_invest_bnk,In Millions,5/4/18,5/4/18
asset_writedown_bnk,In Millions,5/4/18,5/4/18
ins_settle_bnk,In Millions,5/4/18,5/4/18
legal_settle_bnk,In Millions,5/4/18,5/4/18
other_unusual_suppl_bnk,In Millions,5/4/18,5/4/18
spi_m_bnk,In Millions,5/4/18,5/4/18
gross_profit_bnk,In Millions,5/4/18,5/4/18
txt_bnk,In Millions,5/4/18,5/4/18
impairment_gw,Absolute,5/4/18,5/4/18
mii_bnk,In Millions,5/4/18,5/4/18
ib_bnk,In Millions,5/4/18,5/4/18
disc_ops,In Millions,5/4/18,5/4/18
extra_acc_items_bnk,In Millions,5/4/18,5/4/18
xido_bnk,In Millions,5/4/18,5/4/18
cash_equiv_bnk,In Millions,5/4/18,5/4/18
ao_fa_bnk,In Millions,5/4/18,5/4/18
trading_assets_bnk,In Millions,5/4/18,5/4/18
invest_security,In Millions,5/4/18,5/4/18
mort_security,In Millions,5/4/18,5/4/18
invest_mort_bnk,In Millions,5/4/18,5/4/18
net_loans_bnk,In Millions,5/4/18,5/4/18
allow_ll_bnk,In Millions,5/4/18,5/4/18
ppe_bnk,In Millions,5/4/18,5/4/18
other_intan_bnk,In Millions,5/4/18,5/4/18
invest_fhlb,In Millions,5/4/18,5/4/18
invest_real_estate,In Millions,5/4/18,5/4/18
loans_for_sale,In Millions,5/4/18,5/4/18
def_tax_assets_current,In Millions,5/4/18,5/4/18
accr_int_receiv,In Millions,5/4/18,5/4/18
other_receiv,In Millions,5/4/18,5/4/18
other_ca_suppl_bnk,In Millions,5/4/18,5/4/18
def_tax_assets_lt_bnk,In Millions,5/4/18,5/4/18
other_real_estate,In Millions,5/4/18,5/4/18
def_charges_lt_bnk,In Millions,5/4/18,5/4/18
other_lt_assets_bnk,In Millions,5/4/18,5/4/18
ao_bnk,In Millions,5/4/18,5/4/18
at_bnk,In Millions,5/4/18,5/4/18
dptb,In Millions,5/4/18,5/4/18
int_bearing_deposits,In Millions,5/4/18,5/4/18
non_int_bearing_deposits,In Millions,5/4/18,5/4/18
dptc,In Millions,5/4/18,5/4/18
st_debt_bnk,In Millions,5/4/18,5/4/18
current_port_debt_bnk,In Millions,5/4/18,5/4/18
current_port_leases,In Millions,5/4/18,5/4/18
lt_debt_bnk,In Millions,5/4/18,5/4/18
fhlb_debt,In Millions,5/4/18,5/4/18
int_liab_bnk,In Millions,5/4/18,5/4/18
ap_bnk,In Millions,5/4/18,5/4/18
ae_bnk,In Millions,5/4/18,5/4/18
capital_leases,In Millions,5/4/18,5/4/18
trust_pref,In Millions,5/4/18,5/4/18
inc_tax_pay_current,In Millions,5/4/18,5/4/18
accr_int_pay,In Millions,5/4/18,5/4/18
unearn_rev_current_bnk,In Millions,5/4/18,5/4/18
def_tax_liab_current,In Millions,5/4/18,5/4/18
other_cl_suppl_bnk,In Millions,5/4/18,5/4/18
unearn_rev_lt,In Millions,5/4/18,5/4/18
pension,In Millions,5/4/18,5/4/18
def_tax_liab_lt_bnk,In Millions,5/4/18,5/4/18
other_liab_lt_bnk,In Millions,5/4/18,5/4/18
lo_bnk,In Millions,5/4/18,5/4/18
pref_equity_bnk,In Millions,5/4/18,5/4/18
mib_bnk,In Millions,5/4/18,5/4/18
common_issued_bnk,In Millions,5/4/18,5/4/18
common_rep_bnk,In Millions,5/4/18,5/4/18
basic_weight,In Millions,5/4/18,5/4/18
dilut_weight,In Millions,5/4/18,5/4/18
pretax_roe_bnk,In Percent,5/4/18,5/4/18
oper_cost_bnk,In Millions,5/4/18,5/4/18
ni_adj_bnk,In Millions,5/4/18,5/4/18
equity_no_intan_bnk,In Millions,5/4/18,5/4/18
net_iint_at_bnk,In Percent,5/4/18,5/4/18
net_fc_inc_at_bnk,In Percent,5/4/18,5/4/18
net_td_inc_at_bnk,In Percent,5/4/18,5/4/18
inc_equity_at_bnk,In Percent,5/4/18,5/4/18
other_inc_at_bnk,In Percent,5/4/18,5/4/18
pll_at_bnk,In Percent,5/4/18,5/4/18
xper_sale_bnk,In Percent,5/4/18,5/4/18
dvp_at_bnk,In Percent,5/4/18,5/4/18
aceq_calc_at_bnk,In Percent,5/4/18,5/4/18
net_iint_rwa_bnk,In Percent,5/4/18,5/4/18
int_inc_total_rwa_bnk,In Percent,5/4/18,5/4/18
int_exp_total_rwa_bnk,In Percent,5/4/18,5/4/18
avg_ie_asset_rwa_bnk,In Percent,5/4/18,5/4/18
aieat_int_inc_bnk,In Percent,5/4/18,5/4/18
avg_ib_liab_rwa_bnk,In Percent,5/4/18,5/4/18
aibl_int_exp_bnk,In Percent,5/4/18,5/4/18
nis_bnk,In Percent,5/4/18,5/4/18
nim_bnk,In Percent,5/4/18,5/4/18
am_gwip,In Millions,5/4/18,5/4/18
avg_ie_asset_bnk,In Millions,5/4/18,5/4/18
avg_ib_liab_bnk,In Millions,5/4/18,5/4/18
total_capital_bnk,In Millions,5/4/18,5/4/18
core_tier_one_capital_bnk,In Millions,5/4/18,5/4/18
tier_one_capital_bnk,In Millions,5/4/18,5/4/18
tier_two_capital_bnk,In Millions,5/4/18,5/4/18
total_capital_ratio_bnk,In Percent,5/4/18,5/4/18
core_tier_one_capital_ratio_bnk,In Percent,5/4/18,5/4/18
tier_one_ratio_bnk,In Percent,5/4/18,5/4/18
tier_two_capital_ratio_bnk,In Percent,5/4/18,5/4/18
ltd_bnk,In Percent,5/4/18,5/4/18
non_perf_loan_bnk,In Millions,5/4/18,5/4/18
gross_loans_bnk,In Millions,5/4/18,5/4/18
gross_npl_bnk,In Percent,5/4/18,5/4/18
coverage_ratio_bnk,In Percent,5/4/18,5/4/18
net_npl_bnk,In Percent,5/4/18,5/4/18
tr_bnk,In Percent,5/4/18,5/4/18
num_branches,In Millions,5/4/18,5/4/18
number_atms,In Millions,5/4/18,5/4/18
op_at,In Percent,5/4/18,5/4/18
revt_bnkg1y,In Percent,5/4/18,5/4/18
net_adj_bnk_margin,In Percent,5/4/18,5/4/18
roa_sa2_bnk,In Percent,5/4/18,5/4/18
ceq_sa2,In Millions,5/4/18,5/4/18
equity_no_intan_bnk_sa2,In Millions,5/4/18,5/4/18
rwa_sa2,In Millions,5/4/18,5/4/18
at_sa2_bnk,In Millions,5/4/18,5/4/18
pretax_roe_sa2_bnk,In Percent,5/4/18,5/4/18
pretax_rote_bnk,In Percent,5/4/18,5/4/18
pretax_rote_sa2_bnk,In Percent,5/4/18,5/4/18
op_bnk,In Millions,5/4/18,5/4/18
pbt_taxr_bnk,In Percent,5/4/18,5/4/18
pbt_taxr_norm_bnk,In Percent,5/4/18,5/4/18
xagt,In Millions,5/4/18,5/4/18
am_cum,In Millions,5/4/18,5/4/18
dep_lease,In Millions,5/4/18,5/4/18
intan_net_marg,In Millions,5/4/18,5/4/18
opcash_indl,In Millions,5/4/18,5/4/18
sale_indl,In Millions,5/4/18,5/4/18
sale_fa,In Millions,5/4/18,5/4/18
che_indl,In Millions,5/4/18,5/4/18
che_fa,In Millions,5/4/18,5/4/18
ch_fa,In Millions,5/4/18,5/4/18
ivst_fa,In Millions,5/4/18,5/4/18
rect_indl,In Millions,5/4/18,5/4/18
loans_current_fa,In Millions,5/4/18,5/4/18
roic_sa2,In Percent,5/4/18,5/4/18
atg1y,In Percent,5/4/18,5/4/18
atg2y,In Percent,5/4/18,5/4/18
nev_ebita_sa3,Ratio,5/4/18,5/4/18
nev_ebita_cy,Ratio,5/4/18,5/4/18
ebita_marg_sa2,In Percent,5/4/18,5/4/18
nev_ebita_sa2,Ratio,5/4/18,5/4/18
repo_yield,In Percent,5/4/18,5/4/18
repo_ni,In Percent,5/4/18,5/4/18
nev_cy_debt_liab_component,In Millions,5/4/18,5/4/18
nev_cy_onopa_component,In Millions,5/4/18,5/4/18
ib_marg,In Percent,5/4/18,5/4/18
equity_no_intan_rwa,In Percent,5/4/18,5/4/18
cost_inc_bnk,In Percent,5/4/18,5/4/18
net_adj_inc_bnk_margin,In Percent,5/4/18,5/4/18
rote_sa2_bnk,In Percent,5/4/18,5/4/18
revt_bnkg3y,In percent,5/4/18,5/4/18
revt_bnkg5y,In percent,5/4/18,5/4/18
revt_bnkg7y,In percent,5/4/18,5/4/18
revt_bnkg10y,In percent,5/4/18,5/4/18
revt_bnkg15y,In percent,5/4/18,5/4/18
at_bnkg1y,In percent,5/4/18,5/4/18
at_bnkg3y,In percent,5/4/18,5/4/18
at_bnkg5y,In percent,5/4/18,5/4/18
at_bnkg7y,In percent,5/4/18,5/4/18
at_bnkg10y,In percent,5/4/18,5/4/18
at_bnkg15y,In percent,5/4/18,5/4/18
dptbg1y,In percent,5/4/18,5/4/18
dptbg3y,In percent,5/4/18,5/4/18
dptbg5y,In percent,5/4/18,5/4/18
dptbg7y,In percent,5/4/18,5/4/18
dptbg10y,In percent,5/4/18,5/4/18
dptbg15y,In percent,5/4/18,5/4/18
ceqg1y,In percent,5/4/18,5/4/18
ceqg3y,In percent,5/4/18,5/4/18
ceqg5y,In percent,5/4/18,5/4/18
ceqg7y,In percent,5/4/18,5/4/18
ceqg10y,In percent,5/4/18,5/4/18
ceqg15y,In percent,5/4/18,5/4/18
ni_adj_bnkg1y,In percent,5/4/18,5/4/18
ni_adj_bnkg3y,In percent,5/4/18,5/4/18
ni_adj_bnkg5y,In percent,5/4/18,5/4/18
ni_adj_bnkg7y,In percent,5/4/18,5/4/18
ni_adj_bnkg10y,In percent,5/4/18,5/4/18
ni_adj_bnkg15y,In percent,5/4/18,5/4/18
net_iintg1y,In percent,5/4/18,5/4/18
net_iintg3y,In percent,5/4/18,5/4/18
net_iintg5y,In percent,5/4/18,5/4/18
net_iintg7y,In percent,5/4/18,5/4/18
net_iintg10y,In percent,5/4/18,5/4/18
net_iintg15y,In percent,5/4/18,5/4/18
net_charge_offs_bnk,In Millions,5/4/18,5/4/18
net_charge_offs_net_loans_sa2_bnk,In percent,5/4/18,5/4/18
pll_net_charge_offs_bnk,In percent,5/4/18,5/4/18
Provisi,In percent,5/4/18,5/4/18
capital_charge,In Millions,5/4/18,5/4/18
td_liab,In Millions,5/4/18,5/4/18
non_oper_assets,NULL,5/4/18,5/4/18
inc_tax_bnk,In Millions,5/4/18,5/4/18
cash_acq,In Millions,5/4/18,5/4/18
mii_at_bnk,In percent,5/4/18,5/4/18
dvp_mii_at_bnk,In percent,5/4/18,5/4/18
iint_at_bnk,In Percent,5/4/18,5/4/18
mb_adj_bnk_cy,Ratio,5/4/18,5/4/18
mb_adj_bnk_fy,Ratio,5/4/18,5/4/18
xint_at_bnk,In Percent,5/4/18,5/4/18
rwa_at,In percent,5/4/18,5/4/18
revt_bank_rwa,In percent,5/4/18,5/4/18
revt_bank_emp,In percent,5/4/18,5/4/18
revt_bank_num_branches,In percent,5/4/18,5/4/18
commercial_loans,In Millions,5/4/18,5/4/18
commercial_mort_loans,In Millions,5/4/18,5/4/18
residential_mort_loans,In Millions,5/4/18,5/4/18
consumer_loans,In Millions,5/4/18,5/4/18
construction_loans,In Millions,5/4/18,5/4/18
vehicle_loans,In Millions,5/4/18,5/4/18
lease_finance,In Millions,5/4/18,5/4/18
other_loans,In Millions,5/4/18,5/4/18
total_loans,In Millions,5/4/18,5/4/18
total_deposits,In Millions,5/4/18,5/4/18
demand_dep,In Millions,5/4/18,5/4/18
saving_dep,In Millions,5/4/18,5/4/18
time_dep,In Millions,5/4/18,5/4/18
other_dep,In Millions,5/4/18,5/4/18
revt_aff_bnk,In Millions,5/4/18,5/4/18
revt_aff_at_bnk,In percent,5/4/18,5/4/18
pretax_ep,In Millions,5/4/18,5/4/18
zero,Not Applicable,5/4/18,5/4/18
mtaxr_a_usa,In Percent,5/4/18,5/4/18
cost_rev,In Millions,5/4/18,5/4/18
da,In Millions,5/4/18,5/4/18
da_cf,In Millions,5/4/18,5/4/18
gw_intan_amort_cf,In Millions,5/4/18,5/4/18
other_amort,In Millions,5/4/18,5/4/18
cost_at_bnk,In Percent,5/4/18,5/4/18
avg_ie_asset_at_bnk,In Percent,5/4/18,5/4/18
avg_ib_liab_at_bnk,In Percent,5/4/18,5/4/18
revt_bank_fy0,In Millions,5/4/18,5/4/18
revt_bank_fy1,In Millions,5/4/18,5/4/18
revt_bank_fy2,In Millions,5/4/18,5/4/18
prev_revt_bank_fy0,In Millions,5/4/18,5/4/18
ni_adj_bnk_fy0,In Millions,5/4/18,5/4/18
ni_adj_bnk_fy1,In Millions,5/4/18,5/4/18
ni_adj_bnk_fy2,In Millions,5/4/18,5/4/18
prev_ni_adj_bnk_fy0,In Millions,5/4/18,5/4/18
oper_taxrate_7yr,In Percent,5/4/18,5/4/18
ni_marg_bnk_fy0,In Percent,5/4/18,5/4/18
ni_marg_bnk_fy1,In Percent,5/4/18,5/4/18
ni_marg_bnk_fy2,In Percent,5/4/18,5/4/18
prev_ni_marg_bnk_fy0,In Percent,5/4/18,5/4/18
roae_bnk_fy0,In Percent,5/4/18,5/4/18
roae_bnk_fy1,In Percent,5/4/18,5/4/18
roae_bnk_fy2,In Percent,5/4/18,5/4/18
prev_roae_bnk_fy0,In Percent,5/4/18,5/4/18
revt_bank_usd,In Millions,5/4/18,5/4/18
ntwc,In Millions,5/4/18,5/4/18
tr_bnk_7yr,In Percent,5/4/18,5/4/18
basel,Not Applicable,5/4/18,5/4/18
acctstd,Not Applicable,5/4/18,5/4/18
oth_adj_gross_loans_bnk,In Millions,5/4/18,5/4/18
ceq_at_bnk,In Millions,5/4/18,5/4/18
xint,In Millions,5/4/18,5/4/18
mcap_start,In Millions,5/4/18,5/4/18
mcap_fye,In Millions,5/4/18,5/4/18
mcap,In Millions,5/4/18,5/4/18
rectr,In Millions,5/4/18,5/4/18
rec_o_m,In Millions,5/4/18,5/4/18
recco,In Millions,5/4/18,5/4/18
icg1y,In Percent,5/4/18,5/4/18
revt_ins,In Millions,5/4/18,5/4/18
cost_income_bank,In Percent,5/4/18,5/4/18
trs1y,In Percent,5/4/18,5/4/18
trs1y_usd,In Percent,5/4/18,5/4/18
ebita_marg,In Percent,5/4/18,5/4/18
ebit_marg,In Percent,5/4/18,5/4/18
prccm_a_adj,In Single Unit,5/4/18,5/4/18
ni_marg,In Percent,5/4/18,5/4/18
re_integ_calc,In Millions,5/4/18,5/4/18
revt_bank,In Millions,5/4/18,5/4/18
trs,In Percent,5/4/18,5/4/18
credit_card_fee,In Millions,5/4/18,5/4/18
net_fc_inc_bnk,In Millions,5/4/18,5/4/18
net_td_inc_bnk,In Millions,5/4/18,5/4/18
other_non_int_inc,In Millions,5/4/18,5/4/18
other_inc_bnk,In Millions,5/4/18,5/4/18
sga_xopro_sale_bnk,In Percent,5/4/18,5/4/18
mb_bnk_cy,Ratio,5/4/18,5/4/18
ebita_taxr_adj,In Percent,5/4/18,5/4/18
ebit_fwd_12m,In Millions,5/4/18,5/4/18
gross_premium_ins,In Millions,5/4/18,5/4/18
ceded_premium_ins,In Millions,5/4/18,5/4/18
net_pi_ins,In Millions,5/4/18,5/4/18
int_div_inc_ins,In Millions,5/4/18,5/4/18
int_exp_ins,In Millions,5/4/18,5/4/18
invt_div_inc_ins,In Millions,5/4/18,5/4/18
net_fc_inc_ins,In Millions,5/4/18,5/4/18
gain_assets_rev_ins,In Millions,5/4/18,5/4/18
gain_invest_rev_ins,In Millions,5/4/18,5/4/18
gain_asset_invest_inc_ins,In Millions,5/4/18,5/4/18
other_inc_ins,In Millions,5/4/18,5/4/18
claims_exp_ins,In Millions,5/4/18,5/4/18
ceded_losses_ins,In Millions,5/4/18,5/4/18
reinsurance_ins,In Millions,5/4/18,5/4/18
ceded_losses_reinsurance_ins,In Millions,5/4/18,5/4/18
net_ph_benefits,In Millions,5/4/18,5/4/18
policy_cost_ins,In Millions,5/4/18,5/4/18
da_suppl_ins,In Millions,5/4/18,5/4/18
sga_bnk_ins,In Millions,5/4/18,5/4/18
sga_ins,In Millions,5/4/18,5/4/18
sga_ins_total,In Millions,5/4/18,5/4/18
prov_bad_debts_ins,In Millions,5/4/18,5/4/18
pll_ins,In Millions,5/4/18,5/4/18
non_ins_rev,In Millions,5/4/18,5/4/18
non_ins_exp,In Millions,5/4/18,5/4/18
other_oper_suppl_ins,In Millions,5/4/18,5/4/18
xopro_ins,In Millions,5/4/18,5/4/18
roa_ins,In Percent,5/4/18,5/4/18
op_exc_equity_inc_ins,In Millions,5/4/18,5/4/18
inc_equity_ins,In Millions,5/4/18,5/4/18
op_equity_ins,In Millions,5/4/18,5/4/18
gw_intan_amort_model_ins,In Millions,5/4/18,5/4/18
gw_intan_amort_ins,In Millions,5/4/18,5/4/18
op_equity_inc_am_ins,In Millions,5/4/18,5/4/18
op_exc_equity_inc_am_ins,In Millions,5/4/18,5/4/18
gain_assets_bnk_ins,In Millions,5/4/18,5/4/18
gain_assets_ins,In Millions,5/4/18,5/4/18
gain_invest_bnk_ins,In Millions,5/4/18,5/4/18
gain_invest_ins,In Millions,5/4/18,5/4/18
asset_writedown_bnk_ins,In Millions,5/4/18,5/4/18
asset_writedown_ins,In Millions,5/4/18,5/4/18
settle_ins,In Millions,5/4/18,5/4/18
legal_settle_bnk_ins,In Millions,5/4/18,5/4/18
legal_settle_ins,In Millions,5/4/18,5/4/18
other_unusual_suppl_bnk_ins,In Millions,5/4/18,5/4/18
other_unusual_suppl_ins,In Millions,5/4/18,5/4/18
nopi_m_ins,In Millions,5/4/18,5/4/18
restructure_bnk_ins,In Millions,5/4/18,5/4/18
restructure_ins,In Millions,5/4/18,5/4/18
merger_bnk_ins,In Millions,5/4/18,5/4/18
merger_ins,In Millions,5/4/18,5/4/18
rcp_ins,In Millions,5/4/18,5/4/18
currency_gain_ins,In Millions,5/4/18,5/4/18
other_non_oper_exp_suppl_ins,In Millions,5/4/18,5/4/18
spi_m_ins,In Millions,5/4/18,5/4/18
mb_cy,In Percent,5/4/18,5/4/18
gross_profit_ins,In Millions,5/4/18,5/4/18
txt_ins,In Millions,5/4/18,5/4/18
mii_ins,In Millions,5/4/18,5/4/18
ib_ins,In Millions,5/4/18,5/4/18
extra_acc_items_ins,In Millions,5/4/18,5/4/18
xido_ins,In Millions,5/4/18,5/4/18
ni_calc_ins,In Millions,5/4/18,5/4/18
cash_equiv_ins,In Millions,5/4/18,5/4/18
invest_debt_ins,In Millions,5/4/18,5/4/18
invest_equity_pref_ins,In Millions,5/4/18,5/4/18
trading_assets_ins,In Millions,5/4/18,5/4/18
real_estate_ins,In Millions,5/4/18,5/4/18
mort_loans_ins,In Millions,5/4/18,5/4/18
policy_loans_ins,In Millions,5/4/18,5/4/18
other_invest_ins,In Millions,5/4/18,5/4/18
ti_ins,In Millions,5/4/18,5/4/18
reinsur_recover_ins,In Millions,5/4/18,5/4/18
def_policy_acq_costs_ins,In Millions,5/4/18,5/4/18
separate_acct_assets_ins,In Millions,5/4/18,5/4/18
ppe_ins,In Millions,5/4/18,5/4/18
other_intan_bnk_ins,In Millions,5/4/18,5/4/18
other_intan_ins,In Millions,5/4/18,5/4/18
def_tax_asset_lt_ins,In Millions,5/4/18,5/4/18
def_tax_asset_lt_current_ins,In Millions,5/4/18,5/4/18
other_receiv_ins,In Millions,5/4/18,5/4/18
mb_adj_ins_cy,In Percent,5/4/18,5/4/18
other_ca_suppl_ins,In Millions,5/4/18,5/4/18
def_charges_lt_ins,In Millions,5/4/18,5/4/18
other_lt_assets_ins,In Millions,5/4/18,5/4/18
ao_ins,In Millions,5/4/18,5/4/18
at_ins,In Millions,5/4/18,5/4/18
ap_bnk_ins,In Millions,5/4/18,5/4/18
ap_ins,In Millions,5/4/18,5/4/18
trust_pref_ins,In Millions,5/4/18,5/4/18
separate_acct_liab_ins,In Millions,5/4/18,5/4/18
ae_bnk_ins,In Millions,5/4/18,5/4/18
ae_ins,In Millions,5/4/18,5/4/18
reinsur_pay_ins,In Millions,5/4/18,5/4/18
current_port_debt_ins,In Millions,5/4/18,5/4/18
st_debt_bnk_ins,In Millions,5/4/18,5/4/18
st_debt_ins,In Millions,5/4/18,5/4/18
lt_debt_ins,In Millions,5/4/18,5/4/18
def_tax_liab_lt_ins,In Millions,5/4/18,5/4/18
def_tax_liab_current_lt_ins,In Millions,5/4/18,5/4/18
pension_ins,In Millions,5/4/18,5/4/18
other_cl_suppl_ins,In Millions,5/4/18,5/4/18
unearn_rev_current_bnk_ins,In Millions,5/4/18,5/4/18
unearn_rev_current_ins,In Millions,5/4/18,5/4/18
other_liab_lt_ins,In Millions,5/4/18,5/4/18
lo_ins,In Millions,5/4/18,5/4/18
ins_annuity_liab,In Millions,5/4/18,5/4/18
mb_fy,In Percent,5/4/18,5/4/18
unpaid_claims_ins,In Millions,5/4/18,5/4/18
unearn_premium_ins,In Millions,5/4/18,5/4/18
rv_ins,In Millions,5/4/18,5/4/18
pref_equity_ins,In Millions,5/4/18,5/4/18
mib_ins,In Millions,5/4/18,5/4/18
common_issued_bnk_ins,In Millions,5/4/18,5/4/18
common_issued_ins,In Millions,5/4/18,5/4/18
common_rep_bnk_ins,In Millions,5/4/18,5/4/18
common_rep_ins,In Millions,5/4/18,5/4/18
embedded_val_group_ins,In Millions,5/4/18,5/4/18
equity_no_intan_ins,In Millions,5/4/18,5/4/18
equity_no_intan_ins_sa2,In Millions,5/4/18,5/4/18
at_sa2_ins,In Millions,5/4/18,5/4/18
pretax_rote_ins,In Percent,5/4/18,5/4/18
net_div_invt_m_ins,In Millions,5/4/18,5/4/18
total_other_inc_ins,In Millions,5/4/18,5/4/18
oper_cost_ins,In Millions,5/4/18,5/4/18
pbt_taxr_ins,In Percent,5/4/18,5/4/18
pbt_taxr_norm_ins,In Percent,5/4/18,5/4/18
roae_ins,In Percent,5/4/18,5/4/18
pretax_roe_sa2_ins,In Percent,5/4/18,5/4/18
rote_sa2_ins,In Percent,5/4/18,5/4/18
pretax_rote_sa2_ins,In Percent,5/4/18,5/4/18
roe_ins,In Percent,5/4/18,5/4/18
pretax_roe_ins,In Percent,5/4/18,5/4/18
rote_ins,In Percent,5/4/18,5/4/18
ceqt_rv_sa2_ins,In Percent,5/4/18,5/4/18
ceq_rv_sa2_ins,In Percent,5/4/18,5/4/18
rvsa2_premium_ins,In Percent,5/4/18,5/4/18
op_premiums_ins,In Percent,5/4/18,5/4/18
rv_premiums_ins,In Percent,5/4/18,5/4/18
net_pi_inc_premiums_ins,In Percent,5/4/18,5/4/18
op_ins,In Millions,5/4/18,5/4/18
ni_premiums_ins,In Percent,5/4/18,5/4/18
net_div_invt_m_premiums_ins,In Percent,5/4/18,5/4/18
total_other_inc_premiums_ins,In Percent,5/4/18,5/4/18
net_fc_inc_premiums_ins,In Percent,5/4/18,5/4/18
other_inc_premiums_ins,In Percent,5/4/18,5/4/18
inc_equity_premiums_ins,In Percent,5/4/18,5/4/18
net_ph_benefits_premiums_ins,In Percent,5/4/18,5/4/18
oper_cost_premiums_ins,In Percent,5/4/18,5/4/18
policy_cost_premiums_ins,In Percent,5/4/18,5/4/18
salary_premiums_ins,In Percent,5/4/18,5/4/18
sga_premiums_ins,In Percent,5/4/18,5/4/18
xopro_premiums_ins,In Percent,5/4/18,5/4/18
dvp_premiums_ins,In Percent,5/4/18,5/4/18
mii_premiums_ins,In Percent,5/4/18,5/4/18
revt_insg1y,In Percent,5/4/18,5/4/18
revt_insg3y,In Percent,5/4/18,5/4/18
revt_insg5y,In Percent,5/4/18,5/4/18
revt_insg7y,In Percent,5/4/18,5/4/18
revt_insg10y,In Percent,5/4/18,5/4/18
revt_insg15y,In Percent,5/4/18,5/4/18
at_insg1y,In Percent,5/4/18,5/4/18
at_insg3y,In Percent,5/4/18,5/4/18
at_insg5y,In Percent,5/4/18,5/4/18
at_insg7y,In Percent,5/4/18,5/4/18
at_insg10y,In Percent,5/4/18,5/4/18
at_insg15y,In Percent,5/4/18,5/4/18
ni_adj_insg1y,In Percent,5/4/18,5/4/18
ni_adj_insg3y,In Percent,5/4/18,5/4/18
ni_adj_insg5y,In Percent,5/4/18,5/4/18
ni_adj_insg7y,In Percent,5/4/18,5/4/18
ni_adj_insg10y,In Percent,5/4/18,5/4/18
ni_adj_insg15y,In Percent,5/4/18,5/4/18
net_pi_insg1y,In Percent,5/4/18,5/4/18
net_pi_insg3y,In Percent,5/4/18,5/4/18
net_pi_insg5y,In Percent,5/4/18,5/4/18
net_pi_insg7y,In Percent,5/4/18,5/4/18
net_pi_insg10y,In Percent,5/4/18,5/4/18
net_pi_insg15y,In Percent,5/4/18,5/4/18
pe_cy_ins,In Percent,5/4/18,5/4/18
pe_fy_ins,In Millions,5/4/18,5/4/18
tcr_sa2_ins,In Percent,5/4/18,5/4/18
ep_ins,In Millions,5/4/18,5/4/18
roa_sa2_ins,In Percent,5/4/18,5/4/18
mb_adj_ins_fy,In Percent,5/4/18,5/4/18
ni_adj_ins_margin,In Millions,5/4/18,5/4/18
ph_div_int_ins,In Millions,5/4/18,5/4/18
policy_benefits_ins,In Millions,5/4/18,5/4/18
xido_bnk_ceq,In Millions,5/4/18,5/4/18
nopi_m_bnk_ceq,In Millions,5/4/18,5/4/18
rcp_bnk_ceq,In Millions,5/4/18,5/4/18
spi_m_bnk_ceq,In Millions,5/4/18,5/4/18
gw_intan_amort_bnk_ceq,In Millions,5/4/18,5/4/18
roe_bridge_tax_adjust_ceq,In Millions,5/4/18,5/4/18
dvp_ceq,In Millions,5/4/18,5/4/18
roe_bridge_avg_equity_adj,In Percent,5/4/18,5/4/18
roe_bridge_gdwl_adjust,In Millions,5/4/18,5/4/18
roe_bridge_intan_adjust,In Millions,5/4/18,5/4/18
roe_unadjusted,In Percent,5/4/18,5/4/18
dvp_mii_at_ins,In Percent,5/4/18,5/4/18
empg1y,In Percent,5/4/18,5/4/18
empg3y,In Percent,5/4/18,5/4/18
empg5y,In Percent,5/4/18,5/4/18
empg7y,In Percent,5/4/18,5/4/18
empg10y,In Percent,5/4/18,5/4/18
empg15y,In Percent,5/4/18,5/4/18
icg5y,In Percent,5/4/18,5/4/18
icg7y,In Percent,5/4/18,5/4/18
icg10y,In Percent,5/4/18,5/4/18
icg15y,In Percent,5/4/18,5/4/18
ic_gwg1y,In Percent,5/4/18,5/4/18
ic_gwg3y,In Percent,5/4/18,5/4/18
ic_gwg5y,In Percent,5/4/18,5/4/18
ic_gwg7y,In Percent,5/4/18,5/4/18
ic_gwg10y,In Percent,5/4/18,5/4/18
ic_gwg15y,In Percent,5/4/18,5/4/18
equity_charge,Absolute,5/4/18,5/4/18
brok_comission_bnk2,In Millions,5/4/18,5/4/18
asset_mgmt_fee_bnk2,In Millions,5/4/18,5/4/18
invt_banking_fee_bnk2,In Millions,5/4/18,5/4/18
comiss_fees_bnk2,In Millions,5/4/18,5/4/18
mort_banking_fee_bnk2,In Millions,5/4/18,5/4/18
loan_service_rev_bnk2,In Millions,5/4/18,5/4/18
trade_principal_bnk2,In Millions,5/4/18,5/4/18
revt_mck,In Millions,5/4/18,5/4/18
revt_mck_usd,In Millions,5/4/18,5/4/18
mtaxr_a_cap,In Percent,5/4/18,5/4/18
nev_ebita_fy1,Ratio,5/4/18,5/4/18
ni_adj_ins,In Millions,5/4/18,5/4/18
revt_aff_ins,In Millions,5/4/18,5/4/18